rank_order,rank,name,scores_overall,scores_overall_rank,scores_teaching,scores_teaching_rank,scores_international_outlook,scores_international_outlook_rank,scores_industry_income,scores_industry_income_rank,scores_research,scores_research_rank,scores_citations,scores_citations_rank,location,aliases,subjects_offered,closed,unaccredited
1,1,California Institute of Technology,94.3,1,92.2,2,67.0,120,89.1,34,98.1,2,99.7,5,United States,California Institute of Technology caltech,"Languages, Literature & Linguistics,Economics & Econometrics,Civil Engineering,Mathematics & Statistics,General Engineering,Electrical & Electronic Engineering,Geology, Environmental, Earth & Marine Sciences,Computer Science,Politics & International Studies (incl Development Studies),Physics & Astronomy,Chemical Engineering,Business & Management,Biological Sciences,History, Philosophy & Theology,Chemistry,Mechanical & Aerospace Engineering",False,False
2,2,Harvard University,93.3,2,92.9,1,67.6,115,44.0,184,98.6,1,98.9,12,United States,Harvard University,"Mathematics & Statistics,Civil Engineering,Languages, Literature & Linguistics,Art, Performing Arts & Design,Business & Management,General Engineering,Geography,Archaeology,Geology, Environmental, Earth & Marine Sciences,Computer Science,Chemistry,Sociology,Mechanical & Aerospace Engineering,Accounting & Finance,Other Health,Electrical & Electronic Engineering,Politics & International Studies (incl Development Studies),Agriculture & Forestry,Psychology,Economics & Econometrics,Communication & Media Studies,Biological Sciences,Architecture,Medicine & Dentistry,Law,Physics & Astronomy,Education,History, Philosophy & Theology",False,False
4,4,Stanford University,92.9,4,91.5,3,69.0,112,63.1,94,96.7,4,99.1,10,United States,Stanford University,"Physics & Astronomy,Computer Science,Politics & International Studies (incl Development Studies),Art, Performing Arts & Design,Geology, Environmental, Earth & Marine Sciences,Agriculture & Forestry,Medicine & Dentistry,Education,Communication & Media Studies,Chemistry,Mechanical & Aerospace Engineering,Languages, Literature & Linguistics,History, Philosophy & Theology,Psychology,Mathematics & Statistics,Biological Sciences,Sociology,Law,Accounting & Finance,Business & Management,Archaeology,General Engineering,Civil Engineering,Chemical Engineering,Other Health,Economics & Econometrics,Electrical & Electronic Engineering,Veterinary Science",False,False
6,6,Massachusetts Institute of Technology,91.9,6,89.1,5,84.3,39,95.7,28,88.2,13,100.0,1,United States,Massachusetts Institute of Technology,"Mathematics & Statistics,Languages, Literature & Linguistics,Physics & Astronomy,History, Philosophy & Theology,Other Health,General Engineering,Biological Sciences,Computer Science,Architecture,Geology, Environmental, Earth & Marine Sciences,Psychology,Mechanical & Aerospace Engineering,Art, Performing Arts & Design,Chemistry,Chemical Engineering,Business & Management,Accounting & Finance,Electrical & Electronic Engineering,Communication & Media Studies,Archaeology,Civil Engineering,Economics & Econometrics,Politics & International Studies (incl Development Studies)",False,False
7,7,Princeton University,90.9,7,86.6,8,61.2,152,82.7,52,94.7,7,99.6,7,United States,Princeton University,"Languages, Literature & Linguistics,Biological Sciences,Other Health,Psychology,Sociology,Mechanical & Aerospace Engineering,Computer Science,Politics & International Studies (incl Development Studies),Economics & Econometrics,Chemistry,Chemical Engineering,Mathematics & Statistics,History, Philosophy & Theology,Civil Engineering,Physics & Astronomy,Architecture,Agriculture & Forestry,General Engineering,Art, Performing Arts & Design,Electrical & Electronic Engineering,Geology, Environmental, Earth & Marine Sciences",False,False
8,8,"University of California, Berkeley",89.5,8,84.2,10,58.5,178,44.8,175,96.7,5,99.1,11,United States,"University of California, Berkeley","Communication & Media Studies,Education,Civil Engineering,Languages, Literature & Linguistics,Mathematics & Statistics,History, Philosophy & Theology,Agriculture & Forestry,Psychology,Economics & Econometrics,Mechanical & Aerospace Engineering,Geography,Chemical Engineering,Business & Management,Archaeology,Law,Physics & Astronomy,Politics & International Studies (incl Development Studies),Architecture,Biological Sciences,Sociology,Geology, Environmental, Earth & Marine Sciences,Computer Science,Electrical & Electronic Engineering,Art, Performing Arts & Design,Chemistry,General Engineering,Other Health",False,False
9,9,Yale University,87.5,10,88.5,7,59.8,163,42.0,208,90.8,8,94.0,33,United States,Yale University,"Economics & Econometrics,Medicine & Dentistry,Mathematics & Statistics,Politics & International Studies (incl Development Studies),Other Health,Accounting & Finance,Architecture,Law,Art, Performing Arts & Design,Mechanical & Aerospace Engineering,Agriculture & Forestry,History, Philosophy & Theology,General Engineering,Electrical & Electronic Engineering,Chemistry,Physics & Astronomy,Archaeology,Biological Sciences,Computer Science,Psychology,Business & Management,Chemical Engineering,Languages, Literature & Linguistics,Geology, Environmental, Earth & Marine Sciences,Sociology",False,False
11,11,The University of Chicago,87.1,11,83.9,12,65.2,128,36.8,261,89.9,11,97.3,15,United States,The University of Chicago,"Business & Management,Physics & Astronomy,Economics & Econometrics,Psychology,Accounting & Finance,Law,Politics & International Studies (incl Development Studies),Chemical Engineering,Sociology,Archaeology,Computer Science,Art, Performing Arts & Design,Geography,Biological Sciences,Languages, Literature & Linguistics,Geology, Environmental, Earth & Marine Sciences,History, Philosophy & Theology,Mathematics & Statistics,Medicine & Dentistry,Chemistry",False,False
12,12,"University of California, Los Angeles",85.5,12,82.4,13,49.2,243,-,391,90.5,9,95.3,27,United States,"University of California, Los Angeles","Chemical Engineering,Psychology,Biological Sciences,Mechanical & Aerospace Engineering,Medicine & Dentistry,General Engineering,Communication & Media Studies,Agriculture & Forestry,Business & Management,Politics & International Studies (incl Development Studies),Accounting & Finance,Art, Performing Arts & Design,History, Philosophy & Theology,Computer Science,Chemistry,Sociology,Languages, Literature & Linguistics,Sport Science,Other Health,Civil Engineering,Geology, Environmental, Earth & Marine Sciences,Archaeology,Mathematics & Statistics,Education,Economics & Econometrics,Geography,Architecture,Physics & Astronomy,Electrical & Electronic Engineering,Law,Veterinary Science",False,False
14,14,Columbia University,84.4,14,83.9,11,68.3,114,-,383,79.4,21,95.3,26,United States,Columbia University,"Politics & International Studies (incl Development Studies),Economics & Econometrics,Communication & Media Studies,Civil Engineering,Geology, Environmental, Earth & Marine Sciences,Art, Performing Arts & Design,Mathematics & Statistics,Accounting & Finance,Agriculture & Forestry,Sport Science,Architecture,General Engineering,Chemical Engineering,Psychology,Law,Languages, Literature & Linguistics,Electrical & Electronic Engineering,History, Philosophy & Theology,Sociology,Computer Science,Chemistry,Archaeology,Other Health,Mechanical & Aerospace Engineering,Medicine & Dentistry,Biological Sciences,Physics & Astronomy,Business & Management",False,False
15,15,Johns Hopkins University,83.0,15,75.6,18,59.7,164,100.0,3,84.2,17,93.6,34,United States,Johns Hopkins University,"Sociology,General Engineering,Politics & International Studies (incl Development Studies),Electrical & Electronic Engineering,Accounting & Finance,Archaeology,Psychology,Biological Sciences,Art, Performing Arts & Design,Business & Management,Civil Engineering,Geology, Environmental, Earth & Marine Sciences,Medicine & Dentistry,Economics & Econometrics,Chemical Engineering,Education,Languages, Literature & Linguistics,Chemistry,Other Health,Physics & Astronomy,Computer Science,Mathematics & Statistics,Mechanical & Aerospace Engineering,History, Philosophy & Theology",False,False
16,16,University of Pennsylvania,81.0,16,79.0,15,43.8,281,43.0,194,82.0,19,94.4,32,United States,University of Pennsylvania,"Economics & Econometrics,Archaeology,Medicine & Dentistry,Geography,Accounting & Finance,Geology, Environmental, Earth & Marine Sciences,Law,Veterinary Science,Sociology,Biological Sciences,Psychology,Civil Engineering,Computer Science,Sport Science,Languages, Literature & Linguistics,Mathematics & Statistics,Communication & Media Studies,Agriculture & Forestry,Other Health,Business & Management,Mechanical & Aerospace Engineering,Politics & International Studies (incl Development Studies),Chemistry,Electrical & Electronic Engineering,Art, Performing Arts & Design,Chemical Engineering,Education,Architecture,Physics & Astronomy,General Engineering,History, Philosophy & Theology",False,False
17,17,University of Michigan-Ann Arbor,80.9,17,77.0,17,49.8,239,55.7,115,86.5,14,88.9,56,United States,University of Michigan-Ann Arbor,"Chemistry,Architecture,Agriculture & Forestry,Languages, Literature & Linguistics,Psychology,Sociology,Law,Computer Science,Chemical Engineering,Other Health,Archaeology,Mathematics & Statistics,Politics & International Studies (incl Development Studies),History, Philosophy & Theology,Civil Engineering,Electrical & Electronic Engineering,Art, Performing Arts & Design,Mechanical & Aerospace Engineering,Physics & Astronomy,Economics & Econometrics,General Engineering,Medicine & Dentistry,Education,Accounting & Finance,Biological Sciences,Sport Science,Business & Management,Communication & Media Studies,Geology, Environmental, Earth & Marine Sciences",False,False
18,18,Duke University,79.9,18,73.5,21,50.5,232,100.0,2,75.2,26,96.6,20,United States,Duke University,"Medicine & Dentistry,Psychology,Other Health,Biological Sciences,Computer Science,Agriculture & Forestry,Politics & International Studies (incl Development Studies),History, Philosophy & Theology,Languages, Literature & Linguistics,Communication & Media Studies,Accounting & Finance,General Engineering,Sociology,Business & Management,Civil Engineering,Chemistry,Mechanical & Aerospace Engineering,Physics & Astronomy,Art, Performing Arts & Design,Economics & Econometrics,Electrical & Electronic Engineering,Mathematics & Statistics,Geology, Environmental, Earth & Marine Sciences,Law",False,False
19,19,Cornell University,79.4,19,71.6,24,59.0,176,33.7,303,83.8,18,91.5,42,United States,Cornell University,"Other Health,Biological Sciences,Psychology,Economics & Econometrics,Mathematics & Statistics,Languages, Literature & Linguistics,Electrical & Electronic Engineering,History, Philosophy & Theology,Sociology,Physics & Astronomy,Computer Science,Chemistry,Archaeology,Veterinary Science,Politics & International Studies (incl Development Studies),General Engineering,Chemical Engineering,Law,Architecture,Civil Engineering,Geology, Environmental, Earth & Marine Sciences,Mechanical & Aerospace Engineering,Art, Performing Arts & Design,Agriculture & Forestry,Business & Management,Communication & Media Studies",False,False
21,21,Northwestern University,79.2,21,72.7,22,36.7,326,77.0,58,78.9,23,96.9,18,United States,Northwestern University,"Computer Science,Geography,Physics & Astronomy,Languages, Literature & Linguistics,Business & Management,Biological Sciences,Chemical Engineering,Geology, Environmental, Earth & Marine Sciences,Politics & International Studies (incl Development Studies),Accounting & Finance,Mathematics & Statistics,Civil Engineering,Sociology,Education,General Engineering,History, Philosophy & Theology,Architecture,Economics & Econometrics,Mechanical & Aerospace Engineering,Communication & Media Studies,Medicine & Dentistry,Law,Psychology,Art, Performing Arts & Design,Electrical & Electronic Engineering,Chemistry,Other Health",False,False
24,24,Carnegie Mellon University,74.3,24,61.6,40,59.3,172,53.0,127,74.9,27,92.0,40,United States,Carnegie Mellon University,"Accounting & Finance,Communication & Media Studies,Languages, Literature & Linguistics,Computer Science,Politics & International Studies (incl Development Studies),Civil Engineering,Business & Management,Economics & Econometrics,Mechanical & Aerospace Engineering,History, Philosophy & Theology,Biological Sciences,Art, Performing Arts & Design,Electrical & Electronic Engineering,Mathematics & Statistics,Chemical Engineering,Chemistry,Physics & Astronomy,Psychology,Architecture",False,False
26,26,University of Washington,73.2,26,64.5,33,47.9,254,44.7,177,68.9,39,95.0,30,United States,University of Washington,"Psychology,History, Philosophy & Theology,Other Health,Chemistry,Languages, Literature & Linguistics,General Engineering,Chemical Engineering,Physics & Astronomy,Agriculture & Forestry,Computer Science,Biological Sciences,Archaeology,Education,Veterinary Science,Politics & International Studies (incl Development Studies),Accounting & Finance,Mechanical & Aerospace Engineering,Communication & Media Studies,Economics & Econometrics,Mathematics & Statistics,Architecture,Medicine & Dentistry,Electrical & Electronic Engineering,Sociology,Art, Performing Arts & Design,Civil Engineering,Geology, Environmental, Earth & Marine Sciences,Business & Management,Law,Geography",False,False
27,27,Georgia Institute of Technology,72.8,27,62.5,38,68.9,113,72.3,72,71.2,33,85.8,70,United States,Georgia Institute of Technology,"Architecture,Computer Science,Business & Management,Chemistry,Economics & Econometrics,General Engineering,Geology, Environmental, Earth & Marine Sciences,Biological Sciences,Chemical Engineering,Mechanical & Aerospace Engineering,Politics & International Studies (incl Development Studies),Electrical & Electronic Engineering,Physics & Astronomy,History, Philosophy & Theology,Civil Engineering,Languages, Literature & Linguistics,Sociology,Accounting & Finance,Geography,Psychology,Art, Performing Arts & Design,Mathematics & Statistics",False,False
28,28,University of Texas at Austin,72.3,28,64.3,34,33.1,349,58.1,106,72.0,30,91.5,44,United States,University of Texas at Austin,"Architecture,Business & Management,Law,Communication & Media Studies,Biological Sciences,Economics & Econometrics,Psychology,Education,Sport Science,History, Philosophy & Theology,Computer Science,Physics & Astronomy,Archaeology,Medicine & Dentistry,Electrical & Electronic Engineering,Sociology,General Engineering,Languages, Literature & Linguistics,Politics & International Studies (incl Development Studies),Art, Performing Arts & Design,Chemical Engineering,Mathematics & Statistics,Accounting & Finance,Mechanical & Aerospace Engineering,Geography,Civil Engineering,Geology, Environmental, Earth & Marine Sciences,Other Health,Chemistry",False,False
29,29,University of Wisconsin-Madison,71.9,31,67.7,30,33.6,346,53.3,126,71.3,32,87.7,64,United States,University of Wisconsin-Madison,"Sport Science,Geography,Civil Engineering,Computer Science,Psychology,Physics & Astronomy,Medicine & Dentistry,Agriculture & Forestry,Accounting & Finance,Law,Art, Performing Arts & Design,Education,Economics & Econometrics,Mechanical & Aerospace Engineering,Biological Sciences,Politics & International Studies (incl Development Studies),Business & Management,Geology, Environmental, Earth & Marine Sciences,Other Health,History, Philosophy & Theology,Veterinary Science,General Engineering,Mathematics & Statistics,Languages, Literature & Linguistics,Sociology,Chemistry,Architecture,Chemical Engineering,Communication & Media Studies,Electrical & Electronic Engineering",False,False
29,29,University of Illinois at Urbana-Champaign,71.9,30,67.7,29,43.9,279,51.7,132,79.0,22,77.8,121,United States,University of Illinois at Urbana-Champaign,"Art, Performing Arts & Design,Computer Science,Archaeology,General Engineering,Communication & Media Studies,Geology, Environmental, Earth & Marine Sciences,Economics & Econometrics,Law,Architecture,Mechanical & Aerospace Engineering,Mathematics & Statistics,Chemical Engineering,Business & Management,Geography,History, Philosophy & Theology,Other Health,Sport Science,Psychology,Medicine & Dentistry,Agriculture & Forestry,Politics & International Studies (incl Development Studies),Chemistry,Electrical & Electronic Engineering,Sociology,Languages, Literature & Linguistics,Education,Accounting & Finance,Civil Engineering,Veterinary Science,Biological Sciences,Physics & Astronomy",False,False
37,37,"University of California, Santa Barbara",70.0,37,49.4,76,64.3,134,87.1,41,61.4,53,99.2,9,United States,"University of California, Santa Barbara","Archaeology,Mechanical & Aerospace Engineering,Art, Performing Arts & Design,Veterinary Science,Geography,Chemical Engineering,Communication & Media Studies,Accounting & Finance,Geology, Environmental, Earth & Marine Sciences,Architecture,Biological Sciences,Politics & International Studies (incl Development Studies),History, Philosophy & Theology,Education,Physics & Astronomy,Languages, Literature & Linguistics,Mathematics & Statistics,Computer Science,Chemistry,Agriculture & Forestry,Economics & Econometrics,Electrical & Electronic Engineering,Psychology,Sociology",False,False
38,38,New York University,69.9,38,68.3,28,41.2,296,30.2,356,62.4,50,89.5,51,United States,New York University,"Politics & International Studies (incl Development Studies),Mechanical & Aerospace Engineering,Physics & Astronomy,Medicine & Dentistry,Communication & Media Studies,Law,Art, Performing Arts & Design,Business & Management,Chemical Engineering,General Engineering,Computer Science,Accounting & Finance,Mathematics & Statistics,Sociology,Electrical & Electronic Engineering,Languages, Literature & Linguistics,Archaeology,Economics & Econometrics,Biological Sciences,Education,Geology, Environmental, Earth & Marine Sciences,Other Health,Architecture,Psychology,Civil Engineering,Chemistry,History, Philosophy & Theology",False,False
41,41,"University of California, San Diego",68.6,41,52.0,65,37.0,325,54.2,123,66.6,44,96.4,22,United States,"University of California, San Diego","Other Health,Computer Science,Chemical Engineering,Physics & Astronomy,Economics & Econometrics,General Engineering,Politics & International Studies (incl Development Studies),Medicine & Dentistry,Biological Sciences,Sociology,History, Philosophy & Theology,Education,Mathematics & Statistics,Business & Management,Electrical & Electronic Engineering,Communication & Media Studies,Mechanical & Aerospace Engineering,Art, Performing Arts & Design,Chemistry,Accounting & Finance,Civil Engineering,Psychology,Languages, Literature & Linguistics,Geology, Environmental, Earth & Marine Sciences",False,False
42,42,Washington University in St Louis,67.8,42,57.6,47,46.5,263,-,399,55.2,65,97.1,17,United States,Washington University in St Louis,"General Engineering,Languages, Literature & Linguistics,Computer Science,Geology, Environmental, Earth & Marine Sciences,Law,Psychology,Biological Sciences,Chemistry,Education,Architecture,Communication & Media Studies,History, Philosophy & Theology,Medicine & Dentistry,Economics & Econometrics,Sociology,Chemical Engineering,Business & Management,Mathematics & Statistics,Electrical & Electronic Engineering,Accounting & Finance,Archaeology,Other Health,Mechanical & Aerospace Engineering,Art, Performing Arts & Design,Politics & International Studies (incl Development Studies),Physics & Astronomy",False,False
46,46,University of Minnesota,65.9,46,59.9,43,33.8,345,-,396,64.7,46,82.9,89,United States,University of Minnesota,"Veterinary Science,Business & Management,Psychology,General Engineering,Physics & Astronomy,Electrical & Electronic Engineering,Medicine & Dentistry,Civil Engineering,Politics & International Studies (incl Development Studies),Geography,Mathematics & Statistics,Sociology,Agriculture & Forestry,Law,Biological Sciences,Chemistry,Archaeology,Art, Performing Arts & Design,Languages, Literature & Linguistics,Sport Science,Computer Science,History, Philosophy & Theology,Economics & Econometrics,Chemical Engineering,Other Health,Accounting & Finance,Architecture,Communication & Media Studies,Education,Geology, Environmental, Earth & Marine Sciences,Mechanical & Aerospace Engineering",False,False
46,46,University of North Carolina at Chapel Hill,65.9,47,57.9,46,35.3,338,40.5,220,58.6,57,91.0,45,United States,University of North Carolina at Chapel Hill,"Law,Chemistry,Communication & Media Studies,Archaeology,Education,Accounting & Finance,Biological Sciences,Psychology,Geology, Environmental, Earth & Marine Sciences,Mathematics & Statistics,Other Health,Art, Performing Arts & Design,Sociology,Languages, Literature & Linguistics,General Engineering,Medicine & Dentistry,Politics & International Studies (incl Development Studies),Business & Management,Architecture,Geography,Sport Science,Agriculture & Forestry,Economics & Econometrics,History, Philosophy & Theology,Computer Science,Physics & Astronomy",False,False
54,54,Brown University,64.1,54,55.5,52,37.0,322,32.7,318,54.2,68,92.0,39,United States,Brown University,"Chemistry,Archaeology,Mechanical & Aerospace Engineering,Languages, Literature & Linguistics,Mathematics & Statistics,Communication & Media Studies,Psychology,Computer Science,Other Health,History, Philosophy & Theology,Sociology,Electrical & Electronic Engineering,Business & Management,General Engineering,Geology, Environmental, Earth & Marine Sciences,Medicine & Dentistry,Art, Performing Arts & Design,Biological Sciences,Physics & Astronomy,Architecture,Chemical Engineering,Economics & Econometrics,Politics & International Studies (incl Development Studies),Education",False,False
55,55,"University of California, Davis",63.7,56,54.4,57,52.9,220,55.4,116,59.7,55,80.4,105,United States,"University of California, Davis","Agriculture & Forestry,Electrical & Electronic Engineering,Politics & International Studies (incl Development Studies),Mechanical & Aerospace Engineering,Mathematics & Statistics,Chemical Engineering,Art, Performing Arts & Design,Medicine & Dentistry,Business & Management,History, Philosophy & Theology,Psychology,General Engineering,Law,Civil Engineering,Geography,Physics & Astronomy,Chemistry,Sociology,Veterinary Science,Economics & Econometrics,Other Health,Biological Sciences,Computer Science,Accounting & Finance,Education,Geology, Environmental, Earth & Marine Sciences,Communication & Media Studies,Languages, Literature & Linguistics",False,False
57,57,Boston University,63.6,57,56.4,49,47.8,255,30.3,355,46.7,99,94.4,31,United States,Boston University,"Sociology,Medicine & Dentistry,Languages, Literature & Linguistics,General Engineering,Politics & International Studies (incl Development Studies),Mechanical & Aerospace Engineering,Communication & Media Studies,Electrical & Electronic Engineering,Architecture,Geography,Other Health,History, Philosophy & Theology,Psychology,Biological Sciences,Art, Performing Arts & Design,Computer Science,Physics & Astronomy,Education,Mathematics & Statistics,Law,Chemistry,Archaeology,Accounting & Finance,Geology, Environmental, Earth & Marine Sciences,Business & Management,Economics & Econometrics",False,False
58,58,Penn State (Main campus),62.9,58,54.6,56,37.4,316,60.4,99,64.8,45,76.0,136,United States,Penn State (Main campus),"Business & Management,General Engineering,Physics & Astronomy,History, Philosophy & Theology,Chemical Engineering,Chemistry,Accounting & Finance,Mechanical & Aerospace Engineering,Sport Science,Medicine & Dentistry,Agriculture & Forestry,Geography,Education,Veterinary Science,Art, Performing Arts & Design,Electrical & Electronic Engineering,Geology, Environmental, Earth & Marine Sciences,Economics & Econometrics,Law,Communication & Media Studies,Languages, Literature & Linguistics,Computer Science,Mathematics & Statistics,Sociology,Archaeology,Other Health,Biological Sciences,Politics & International Studies (incl Development Studies),Architecture,Civil Engineering,Psychology",False,False
68,68,Ohio State University (Main campus),60.7,68,54.0,58,51.5,225,46.8,162,51.1,80,80.4,103,United States,Ohio State University (Main campus),"Electrical & Electronic Engineering,Politics & International Studies (incl Development Studies),Chemical Engineering,Education,Mechanical & Aerospace Engineering,Art, Performing Arts & Design,Communication & Media Studies,Agriculture & Forestry,Accounting & Finance,Geology, Environmental, Earth & Marine Sciences,Biological Sciences,Sport Science,Chemistry,Geography,History, Philosophy & Theology,Economics & Econometrics,Mathematics & Statistics,Languages, Literature & Linguistics,Other Health,Civil Engineering,Psychology,Medicine & Dentistry,General Engineering,Physics & Astronomy,Architecture,Computer Science,Veterinary Science,Business & Management,Law,Archaeology,Sociology",False,False
69,69,Rice University,59.8,69,41.7,125,70.8,98,34.6,290,37.1,152,99.9,4,United States,Rice University,"Sociology,Business & Management,Computer Science,Sport Science,Architecture,Politics & International Studies (incl Development Studies),Electrical & Electronic Engineering,Languages, Literature & Linguistics,Psychology,General Engineering,Art, Performing Arts & Design,Biological Sciences,Economics & Econometrics,Geology, Environmental, Earth & Marine Sciences,Medicine & Dentistry,Archaeology,Other Health,Physics & Astronomy,History, Philosophy & Theology,Accounting & Finance,Mechanical & Aerospace Engineering,Civil Engineering,Education,Mathematics & Statistics,Chemistry,Chemical Engineering",False,False
75,75,University of Southern California,58.4,76,55.2,54,42.7,291,34.4,294,44.6,113,81.3,98,United States,University of Southern California,"Accounting & Finance,General Engineering,Biological Sciences,Computer Science,Law,Geography,Other Health,Physics & Astronomy,History, Philosophy & Theology,Education,Geology, Environmental, Earth & Marine Sciences,Architecture,Mechanical & Aerospace Engineering,Mathematics & Statistics,Economics & Econometrics,Agriculture & Forestry,Business & Management,Sport Science,Politics & International Studies (incl Development Studies),Archaeology,Medicine & Dentistry,Chemical Engineering,Chemistry,Languages, Literature & Linguistics,Electrical & Electronic Engineering,Art, Performing Arts & Design,Civil Engineering,Communication & Media Studies,Sociology,Psychology",False,False
82,82,Michigan State University,57.3,82,51.1,71,55.0,199,31.7,335,49.4,85,74.0,153,United States,Michigan State University,"Education,Languages, Literature & Linguistics,Chemistry,Accounting & Finance,Chemical Engineering,Business & Management,Architecture,Psychology,Mechanical & Aerospace Engineering,Art, Performing Arts & Design,Sport Science,General Engineering,Geography,Communication & Media Studies,Medicine & Dentistry,Law,Geology, Environmental, Earth & Marine Sciences,Sociology,Civil Engineering,Mathematics & Statistics,Computer Science,Veterinary Science,Electrical & Electronic Engineering,Politics & International Studies (incl Development Studies),Biological Sciences,Economics & Econometrics,Other Health,Archaeology,Physics & Astronomy,Agriculture & Forestry,History, Philosophy & Theology",False,False
86,86,University of Notre Dame,56.5,87,43.3,113,51.4,226,-,397,38.5,140,90.0,48,United States,University of Notre Dame,"Chemical Engineering,Electrical & Electronic Engineering,Biological Sciences,Education,Mathematics & Statistics,Accounting & Finance,Mechanical & Aerospace Engineering,Psychology,Civil Engineering,Physics & Astronomy,Languages, Literature & Linguistics,Law,History, Philosophy & Theology,General Engineering,Communication & Media Studies,Art, Performing Arts & Design,Business & Management,Sociology,Architecture,Economics & Econometrics,Politics & International Studies (incl Development Studies),Geology, Environmental, Earth & Marine Sciences,Chemistry,Computer Science",False,False
86,86,University of Arizona,56.5,86,44.9,99,38.8,310,99.6,18,51.4,79,74.0,154,United States,University of Arizona,"Physics & Astronomy,Chemical Engineering,Chemistry,Architecture,Other Health,General Engineering,Languages, Literature & Linguistics,Mechanical & Aerospace Engineering,Sociology,Archaeology,Computer Science,Sport Science,Politics & International Studies (incl Development Studies),History, Philosophy & Theology,Civil Engineering,Geology, Environmental, Earth & Marine Sciences,Art, Performing Arts & Design,Education,Veterinary Science,Mathematics & Statistics,Accounting & Finance,Agriculture & Forestry,Psychology,Business & Management,Biological Sciences,Geography,Economics & Econometrics,Law,Communication & Media Studies,Medicine & Dentistry,Electrical & Electronic Engineering",False,False
88,88,"University of California, Irvine",56.4,89,39.5,147,56.1,190,40.0,228,41.7,121,89.5,52,United States,"University of California, Irvine","Languages, Literature & Linguistics,Biological Sciences,Chemical Engineering,Mathematics & Statistics,Economics & Econometrics,Sociology,Civil Engineering,Business & Management,General Engineering,Architecture,Computer Science,Geology, Environmental, Earth & Marine Sciences,Accounting & Finance,Law,Other Health,Electrical & Electronic Engineering,Physics & Astronomy,Art, Performing Arts & Design,Education,Politics & International Studies (incl Development Studies),History, Philosophy & Theology,Chemistry,Medicine & Dentistry,Mechanical & Aerospace Engineering,Psychology",False,False
88,88,Tufts University,56.4,88,43.6,110,51.1,228,58.7,105,33.9,183,92.9,35,United States,Tufts University,"Other Health,Business & Management,Veterinary Science,Geography,Medicine & Dentistry,Mechanical & Aerospace Engineering,Sociology,Computer Science,General Engineering,Psychology,Chemical Engineering,Architecture,Chemistry,Electrical & Electronic Engineering,Archaeology,Mathematics & Statistics,History, Philosophy & Theology,Physics & Astronomy,Education,Languages, Literature & Linguistics,Biological Sciences,Communication & Media Studies,Art, Performing Arts & Design,Civil Engineering,Geology, Environmental, Earth & Marine Sciences,Economics & Econometrics,Law,Politics & International Studies (incl Development Studies),Agriculture & Forestry",False,False
91,91,University of Pittsburgh-Pittsburgh campus,56.1,92,45.2,96,32.2,355,38.5,249,46.3,101,84.4,78,United States,University of Pittsburgh-Pittsburgh campus,"Mathematics & Statistics,Physics & Astronomy,Law,Other Health,Biological Sciences,Computer Science,Art, Performing Arts & Design,Education,Geography,Communication & Media Studies,Architecture,Accounting & Finance,Sport Science,Chemical Engineering,Geology, Environmental, Earth & Marine Sciences,Business & Management,Chemistry,Sociology,Economics & Econometrics,Politics & International Studies (incl Development Studies),Medicine & Dentistry,Civil Engineering,Psychology,Languages, Literature & Linguistics,General Engineering,History, Philosophy & Theology,Mechanical & Aerospace Engineering,Electrical & Electronic Engineering",False,False
91,91,University of Massachusetts,56.1,91,44.8,100,40.3,303,52.8,128,49.1,87,78.7,116,United States,University of Massachusetts,"Medicine & Dentistry,Sport Science,Sociology,Communication & Media Studies,Agriculture & Forestry,Art, Performing Arts & Design,Architecture,Other Health,Geology, Environmental, Earth & Marine Sciences,Mechanical & Aerospace Engineering,History, Philosophy & Theology,Psychology,Geography,Electrical & Electronic Engineering,General Engineering,Languages, Literature & Linguistics,Physics & Astronomy,Law,Chemistry,Chemical Engineering,Archaeology,Civil Engineering,Mathematics & Statistics,Accounting & Finance,Business & Management,Economics & Econometrics,Politics & International Studies (incl Development Studies),Biological Sciences,Computer Science,Education,Veterinary Science",False,False
93,93,Emory University,55.5,93,49.0,77,42.9,288,42.3,203,32.4,202,89.5,50,United States,Emory University,"Law,Other Health,Politics & International Studies (incl Development Studies),History, Philosophy & Theology,Physics & Astronomy,Biological Sciences,Business & Management,Chemistry,Computer Science,Psychology,Economics & Econometrics,Communication & Media Studies,General Engineering,Accounting & Finance,Geology, Environmental, Earth & Marine Sciences,Medicine & Dentistry,Sociology,Languages, Literature & Linguistics,Art, Performing Arts & Design,Mathematics & Statistics",False,False
96,96,Vanderbilt University,55.2,96,46.0,90,28.3,373,59.4,102,38.2,143,87.7,65,United States,Vanderbilt University,"Psychology,Politics & International Studies (incl Development Studies),History, Philosophy & Theology,Business & Management,General Engineering,Economics & Econometrics,Communication & Media Studies,Electrical & Electronic Engineering,Languages, Literature & Linguistics,Education,Art, Performing Arts & Design,Mechanical & Aerospace Engineering,Geography,Geology, Environmental, Earth & Marine Sciences,Law,Chemical Engineering,Mathematics & Statistics,Computer Science,Archaeology,Biological Sciences,Medicine & Dentistry,Physics & Astronomy,Sociology,Civil Engineering,Accounting & Finance,Other Health,Chemistry",False,False
97,97,University of Colorado Boulder,55.1,97,35.0,197,39.1,309,-,392,38.3,141,97.4,14,United States,University of Colorado Boulder,"Languages, Literature & Linguistics,Geology, Environmental, Earth & Marine Sciences,Economics & Econometrics,Biological Sciences,Sociology,Accounting & Finance,Chemistry,Art, Performing Arts & Design,Civil Engineering,Mathematics & Statistics,Education,Politics & International Studies (incl Development Studies),History, Philosophy & Theology,Chemical Engineering,Communication & Media Studies,Architecture,Electrical & Electronic Engineering,Physics & Astronomy,Business & Management,Mechanical & Aerospace Engineering,Computer Science,Law,General Engineering,Psychology,Geography",False,False
102,102,Purdue University West Lafayette,54.0,102,47.8,84,64.3,133,-,387,50.5,83,62.2,249,United States,Purdue University West Lafayette,"Architecture,History, Philosophy & Theology,Sociology,Chemistry,Education,Geology, Environmental, Earth & Marine Sciences,Biological Sciences,Chemical Engineering,Languages, Literature & Linguistics,General Engineering,Physics & Astronomy,Sport Science,Psychology,Law,Business & Management,Electrical & Electronic Engineering,Art, Performing Arts & Design,Economics & Econometrics,Computer Science,Agriculture & Forestry,Mathematics & Statistics,Civil Engineering,Medicine & Dentistry,Communication & Media Studies,Politics & International Studies (incl Development Studies),Other Health,Mechanical & Aerospace Engineering,Veterinary Science,Accounting & Finance",False,False
109,109,"University of California, Santa Cruz",53.7,109,30.6,253,54.6,205,33.8,302,31.9,206,100.0,3,United States,"University of California, Santa Cruz","Electrical & Electronic Engineering,Politics & International Studies (incl Development Studies),Art, Performing Arts & Design,Biological Sciences,Archaeology,Agriculture & Forestry,Business & Management,Physics & Astronomy,Languages, Literature & Linguistics,General Engineering,Computer Science,Chemistry,Other Health,Mathematics & Statistics,Education,Sociology,History, Philosophy & Theology,Geology, Environmental, Earth & Marine Sciences,Economics & Econometrics,Psychology",False,False
116,116,Case Western Reserve University,53.2,116,46.5,87,34.4,342,-,382,37.4,149,82.9,88,United States,Case Western Reserve University,"Business & Management,Geology, Environmental, Earth & Marine Sciences,Economics & Econometrics,Chemical Engineering,Physics & Astronomy,Accounting & Finance,Chemistry,Law,Architecture,Medicine & Dentistry,Electrical & Electronic Engineering,Geography,Computer Science,Politics & International Studies (incl Development Studies),General Engineering,Languages, Literature & Linguistics,Civil Engineering,Mathematics & Statistics,Art, Performing Arts & Design,Education,Psychology,History, Philosophy & Theology,Biological Sciences,Other Health,Sociology,Mechanical & Aerospace Engineering",False,False
121,121,University of Rochester,52.7,122,41.9,124,55.5,196,36.4,266,29.2,232,87.7,63,United States,University of Rochester,"Electrical & Electronic Engineering,Education,Politics & International Studies (incl Development Studies),Sociology,Psychology,History, Philosophy & Theology,Chemical Engineering,Computer Science,Art, Performing Arts & Design,Civil Engineering,Biological Sciences,Chemistry,Economics & Econometrics,Mathematics & Statistics,Geology, Environmental, Earth & Marine Sciences,Archaeology,Communication & Media Studies,Languages, Literature & Linguistics,General Engineering,Other Health,Medicine & Dentistry,Accounting & Finance,Business & Management,Mechanical & Aerospace Engineering,Physics & Astronomy",False,False
126,126,University of Florida,52.5,128,49.8,73,32.2,352,-,393,52.1,74,62.2,250,United States,University of Florida,"Veterinary Science,Languages, Literature & Linguistics,Law,Geography,Psychology,Politics & International Studies (incl Development Studies),Civil Engineering,Biological Sciences,Agriculture & Forestry,Geology, Environmental, Earth & Marine Sciences,Sociology,Accounting & Finance,Medicine & Dentistry,Other Health,Economics & Econometrics,Sport Science,Chemical Engineering,Mathematics & Statistics,Business & Management,Chemistry,Physics & Astronomy,Education,Electrical & Electronic Engineering,Mechanical & Aerospace Engineering,History, Philosophy & Theology,Art, Performing Arts & Design,Communication & Media Studies,Architecture,Computer Science,General Engineering",False,False
126,126,Boston College,52.5,126,32.4,221,54.6,204,46.5,164,29.1,233,95.9,23,United States,Boston College,"Computer Science,Medicine & Dentistry,Physics & Astronomy,Psychology,History, Philosophy & Theology,Communication & Media Studies,Geology, Environmental, Earth & Marine Sciences,Education,Sociology,Economics & Econometrics,Biological Sciences,Art, Performing Arts & Design,Law,Chemistry,Politics & International Studies (incl Development Studies),General Engineering,Mathematics & Statistics,Accounting & Finance,Languages, Literature & Linguistics,Business & Management",False,False
130,130,University of Virginia (Main campus),52.1,130,48.7,81,31.8,357,49.8,143,35.9,165,76.9,128,United States,University of Virginia (Main campus),"Biological Sciences,Law,Art, Performing Arts & Design,Computer Science,Sport Science,Business & Management,Psychology,Medicine & Dentistry,Geography,History, Philosophy & Theology,Politics & International Studies (incl Development Studies),Chemistry,Electrical & Electronic Engineering,Architecture,General Engineering,Mathematics & Statistics,Accounting & Finance,Languages, Literature & Linguistics,Economics & Econometrics,Chemical Engineering,Mechanical & Aerospace Engineering,Sociology,Other Health,Archaeology,Physics & Astronomy,Geology, Environmental, Earth & Marine Sciences,Civil Engineering,Education,Communication & Media Studies",False,False
132,132,"University of Maryland, College Park",51.9,133,36.5,179,44.8,271,33.2,312,39.1,137,83.6,82,United States,"University of Maryland, College Park","Chemical Engineering,Business & Management,Architecture,History, Philosophy & Theology,Chemistry,Other Health,Art, Performing Arts & Design,Electrical & Electronic Engineering,Archaeology,Politics & International Studies (incl Development Studies),Education,Sociology,Accounting & Finance,Mechanical & Aerospace Engineering,Physics & Astronomy,Civil Engineering,Geology, Environmental, Earth & Marine Sciences,Languages, Literature & Linguistics,Agriculture & Forestry,Communication & Media Studies,Veterinary Science,General Engineering,Economics & Econometrics,Sport Science,Geography,Biological Sciences,Mathematics & Statistics,Computer Science",False,False
141,141,Texas A&M University,50.9,142,46.2,89,49.1,246,49.6,146,51.9,75,55.1,307,United States,Texas A&M University,"Art, Performing Arts & Design,Sociology,Chemistry,History, Philosophy & Theology,Business & Management,Law,Economics & Econometrics,Medicine & Dentistry,Veterinary Science,Psychology,Politics & International Studies (incl Development Studies),Geography,Computer Science,Archaeology,Geology, Environmental, Earth & Marine Sciences,Physics & Astronomy,Electrical & Electronic Engineering,Mechanical & Aerospace Engineering,Mathematics & Statistics,Communication & Media Studies,Architecture,Other Health,Chemical Engineering,General Engineering,Languages, Literature & Linguistics,Accounting & Finance,Civil Engineering,Biological Sciences,Sport Science,Education,Agriculture & Forestry",False,False
141,141,Colorado School of Mines,50.9,141,26.1,319,52.6,222,79.4,56,26.7,265,97.1,16,United States,Colorado School of Mines,"Civil Engineering,Mechanical & Aerospace Engineering,Economics & Econometrics,Business & Management,Physics & Astronomy,Chemical Engineering,General Engineering,Chemistry,Electrical & Electronic Engineering,Mathematics & Statistics,Geology, Environmental, Earth & Marine Sciences",False,False
144,144,Rutgers University – New Brunswick,50.5,145,40.5,134,34.3,343,35.2,278,45.3,106,71.0,181,United States,Rutgers University – New Brunswick,"Psychology,Sociology,Accounting & Finance,Mechanical & Aerospace Engineering,Mathematics & Statistics,Languages, Literature & Linguistics,General Engineering,Physics & Astronomy,Art, Performing Arts & Design,Medicine & Dentistry,Agriculture & Forestry,Chemical Engineering,Communication & Media Studies,Other Health,Chemistry,Geology, Environmental, Earth & Marine Sciences,Economics & Econometrics,Business & Management,Electrical & Electronic Engineering,Geography,Architecture,Education,Sport Science,History, Philosophy & Theology,Civil Engineering,Computer Science,Biological Sciences,Politics & International Studies (incl Development Studies)",False,False
147,147,Brandeis University,50.3,147,25.8,323,54.7,201,43.9,186,29.1,234,95.3,25,United States,Brandeis University,"Languages, Literature & Linguistics,Physics & Astronomy,Computer Science,Chemistry,Mathematics & Statistics,Biological Sciences,Art, Performing Arts & Design,Psychology,Agriculture & Forestry,Business & Management,Sociology,Economics & Econometrics,Politics & International Studies (incl Development Studies),History, Philosophy & Theology",False,False
150,150,Indiana University,50.1,150,46.5,88,37.1,321,-,385,35.1,172,73.1,163,United States,Indiana University,"Civil Engineering,Mechanical & Aerospace Engineering,History, Philosophy & Theology,Electrical & Electronic Engineering,Geology, Environmental, Earth & Marine Sciences,Mathematics & Statistics,General Engineering,Chemistry,Medicine & Dentistry,Law,Accounting & Finance,Art, Performing Arts & Design,Communication & Media Studies,Sociology,Other Health,Economics & Econometrics,Archaeology,Politics & International Studies (incl Development Studies),Languages, Literature & Linguistics,Geography,Chemical Engineering,Sport Science,Business & Management,Veterinary Science,Physics & Astronomy,Agriculture & Forestry,Education,Architecture,Psychology,Computer Science,Biological Sciences",False,False
150,150,"University of California, Riverside",50.1,151,29.4,272,61.6,150,39.5,235,27.5,256,91.5,43,United States,"University of California, Riverside","Economics & Econometrics,Mathematics & Statistics,Chemical Engineering,Chemistry,Languages, Literature & Linguistics,General Engineering,Sociology,History, Philosophy & Theology,Psychology,Other Health,Physics & Astronomy,Accounting & Finance,Agriculture & Forestry,Medicine & Dentistry,Communication & Media Studies,Biological Sciences,Education,Mechanical & Aerospace Engineering,Computer Science,Geology, Environmental, Earth & Marine Sciences,Art, Performing Arts & Design,Business & Management,Electrical & Electronic Engineering,Politics & International Studies (incl Development Studies)",False,False
152,152,Dartmouth College,50.0,152,38.3,155,33.1,347,49.1,151,35.4,168,80.4,102,United States,Dartmouth College,"Physics & Astronomy,Languages, Literature & Linguistics,Medicine & Dentistry,Mathematics & Statistics,Mechanical & Aerospace Engineering,History, Philosophy & Theology,Chemical Engineering,Geography,Other Health,Art, Performing Arts & Design,Archaeology,Computer Science,Communication & Media Studies,Economics & Econometrics,Electrical & Electronic Engineering,Geology, Environmental, Earth & Marine Sciences,Sociology,General Engineering,Biological Sciences,Civil Engineering,Psychology,Chemistry,Politics & International Studies (incl Development Studies)",False,False
162,162,University of Utah,48.6,162,38.8,153,27.5,376,58.1,107,36.5,157,75.0,144,United States,University of Utah,"Architecture,Electrical & Electronic Engineering,Accounting & Finance,Education,Mathematics & Statistics,Languages, Literature & Linguistics,Civil Engineering,Geology, Environmental, Earth & Marine Sciences,Geography,Business & Management,Biological Sciences,Chemical Engineering,History, Philosophy & Theology,Chemistry,Politics & International Studies (incl Development Studies),Other Health,Law,Sociology,Mechanical & Aerospace Engineering,Medicine & Dentistry,Computer Science,General Engineering,Physics & Astronomy,Sport Science,Art, Performing Arts & Design,Economics & Econometrics,Agriculture & Forestry,Psychology,Communication & Media Studies",False,False
169,169,University of Miami,48.0,169,42.7,118,56.7,186,-,395,27.2,262,73.1,165,United States,University of Miami,"Architecture,Education,Computer Science,Geology, Environmental, Earth & Marine Sciences,Business & Management,Biological Sciences,Psychology,Art, Performing Arts & Design,Civil Engineering,Physics & Astronomy,Languages, Literature & Linguistics,General Engineering,Communication & Media Studies,History, Philosophy & Theology,Electrical & Electronic Engineering,Mathematics & Statistics,Sociology,Other Health,Agriculture & Forestry,Accounting & Finance,Chemical Engineering,Sport Science,Economics & Econometrics,Law,Politics & International Studies (incl Development Studies),Medicine & Dentistry,Mechanical & Aerospace Engineering,Geography,Chemistry",False,False
173,173,Georgetown University,47.7,173,51.1,70,43.3,285,80.0,55,28.2,242,62.2,248,United States,Georgetown University,"Law,Languages, Literature & Linguistics,Accounting & Finance,Chemistry,History, Philosophy & Theology,Agriculture & Forestry,Economics & Econometrics,Architecture,Communication & Media Studies,Biological Sciences,Medicine & Dentistry,Sport Science,Other Health,Politics & International Studies (incl Development Studies),Art, Performing Arts & Design,Education,Physics & Astronomy,Business & Management,Mathematics & Statistics,General Engineering,Sociology,Computer Science,Psychology",False,False
175,175,University of Iowa,47.5,176,41.9,123,31.7,358,49.3,150,33.5,188,71.0,182,United States,University of Iowa,"Other Health,Biological Sciences,Education,Geology, Environmental, Earth & Marine Sciences,Medicine & Dentistry,Mechanical & Aerospace Engineering,Politics & International Studies (incl Development Studies),Computer Science,General Engineering,Geography,History, Philosophy & Theology,Electrical & Electronic Engineering,Mathematics & Statistics,Business & Management,Civil Engineering,Physics & Astronomy,Economics & Econometrics,Law,Sociology,Languages, Literature & Linguistics,Chemical Engineering,Psychology,Accounting & Finance,Chemistry,Art, Performing Arts & Design,Sport Science,Communication & Media Studies",False,False
177,177,Syracuse University,47.3,177,32.4,224,41.2,297,40.6,218,24.4,286,87.1,66,United States,Syracuse University,"Economics & Econometrics,Chemical Engineering,Physics & Astronomy,History, Philosophy & Theology,Law,Geology, Environmental, Earth & Marine Sciences,Art, Performing Arts & Design,Electrical & Electronic Engineering,Communication & Media Studies,Architecture,Civil Engineering,Mathematics & Statistics,Education,Biological Sciences,Sociology,Languages, Literature & Linguistics,Mechanical & Aerospace Engineering,Accounting & Finance,Agriculture & Forestry,Politics & International Studies (incl Development Studies),Other Health,Chemistry,Computer Science,Sport Science,Geography,Business & Management,General Engineering,Psychology",False,False
180,180,University of Delaware,47.0,181,29.0,280,40.6,300,99.3,20,36.3,159,73.1,164,United States,University of Delaware,"Art, Performing Arts & Design,Electrical & Electronic Engineering,Psychology,Other Health,Veterinary Science,Politics & International Studies (incl Development Studies),Business & Management,Biological Sciences,Mathematics & Statistics,Languages, Literature & Linguistics,Agriculture & Forestry,Architecture,Computer Science,Sport Science,Sociology,Economics & Econometrics,Physics & Astronomy,Mechanical & Aerospace Engineering,Chemical Engineering,Geography,Civil Engineering,Geology, Environmental, Earth & Marine Sciences,Accounting & Finance,General Engineering,History, Philosophy & Theology,Education,Chemistry,Communication & Media Studies",False,False
182,182,Arizona State University (Tempe),46.9,182,35.7,187,29.5,367,32.6,320,37.5,147,73.1,162,United States,Arizona State University (Tempe),"Law,Mathematics & Statistics,Art, Performing Arts & Design,Other Health,Biological Sciences,Communication & Media Studies,Architecture,Chemical Engineering,Geology, Environmental, Earth & Marine Sciences,Geography,Accounting & Finance,Economics & Econometrics,Chemistry,Politics & International Studies (incl Development Studies),Sport Science,Physics & Astronomy,Business & Management,Civil Engineering,Psychology,History, Philosophy & Theology,Education,Mechanical & Aerospace Engineering,Sociology,Archaeology,Electrical & Electronic Engineering,General Engineering,Computer Science,Languages, Literature & Linguistics",False,False
185,185,"Northeastern University, US",46.8,185,36.4,181,54.7,202,34.0,299,21.9,319,81.3,97,United States,"Northeastern University, US","Psychology,Accounting & Finance,Politics & International Studies (incl Development Studies),Veterinary Science,Communication & Media Studies,Physics & Astronomy,Civil Engineering,Art, Performing Arts & Design,Languages, Literature & Linguistics,Chemical Engineering,Mathematics & Statistics,Other Health,Business & Management,Architecture,Mechanical & Aerospace Engineering,Electrical & Electronic Engineering,History, Philosophy & Theology,Geology, Environmental, Earth & Marine Sciences,General Engineering,Geography,Biological Sciences,Computer Science,Medicine & Dentistry,Education,Chemistry,Law,Sociology,Sport Science,Economics & Econometrics",False,False
186,186,Yeshiva University,46.7,187,45.2,97,27.6,374,-,401,23.9,292,77.8,123,United States,Yeshiva University,"Accounting & Finance,Art, Performing Arts & Design,Biological Sciences,Business & Management,Chemistry,Computer Science,Economics & Econometrics,Education,History, Philosophy & Theology,Languages, Literature & Linguistics,Mathematics & Statistics,Other Health,Physics & Astronomy,Politics & International Studies (incl Development Studies),Psychology,Sociology",False,False
188,188,Stony Brook University,46.6,188,32.8,215,60.5,157,31.3,340,24.4,285,80.4,104,United States,Stony Brook University,"Art, Performing Arts & Design,Computer Science,Politics & International Studies (incl Development Studies),Civil Engineering,Biological Sciences,Languages, Literature & Linguistics,Accounting & Finance,Psychology,General Engineering,Other Health,Mechanical & Aerospace Engineering,History, Philosophy & Theology,Business & Management,Education,Electrical & Electronic Engineering,Medicine & Dentistry,Geography,Physics & Astronomy,Chemical Engineering,Mathematics & Statistics,Archaeology,Sociology,Geology, Environmental, Earth & Marine Sciences,Communication & Media Studies,Chemistry,Economics & Econometrics",False,False
191,191,University at Buffalo,46.5,191,40.1,138,57.0,182,39.6,232,39.8,132,57.5,288,United States,University at Buffalo,"Architecture,Communication & Media Studies,Education,Electrical & Electronic Engineering,Physics & Astronomy,History, Philosophy & Theology,Chemical Engineering,Geology, Environmental, Earth & Marine Sciences,Archaeology,General Engineering,Psychology,Economics & Econometrics,Mechanical & Aerospace Engineering,Chemistry,Accounting & Finance,Civil Engineering,Mathematics & Statistics,Medicine & Dentistry,Biological Sciences,Politics & International Studies (incl Development Studies),Business & Management,Law,Geography,Languages, Literature & Linguistics,Other Health,Sport Science,Art, Performing Arts & Design,Computer Science,Agriculture & Forestry,Sociology",False,False
193,193,Iowa State University,46.2,194,36.4,180,40.6,299,54.4,122,30.9,212,72.0,174,United States,Iowa State University,"Mechanical & Aerospace Engineering,History, Philosophy & Theology,Chemical Engineering,Accounting & Finance,Veterinary Science,Mathematics & Statistics,Politics & International Studies (incl Development Studies),Architecture,Other Health,General Engineering,Psychology,Medicine & Dentistry,Sport Science,Geology, Environmental, Earth & Marine Sciences,Physics & Astronomy,Languages, Literature & Linguistics,Civil Engineering,Biological Sciences,Law,Business & Management,Sociology,Education,Art, Performing Arts & Design,Computer Science,Economics & Econometrics,Communication & Media Studies,Chemistry,Electrical & Electronic Engineering,Agriculture & Forestry",False,False
200,200,Florida Institute of Technology,45.6,200,19.7,379,63.0,143,53.7,124,13.1,388,99.2,8,United States,Florida Institute of Technology,"Computer Science,Sport Science,Sociology,Chemical Engineering,Mechanical & Aerospace Engineering,Other Health,Law,Civil Engineering,Agriculture & Forestry,Communication & Media Studies,Accounting & Finance,Geology, Environmental, Earth & Marine Sciences,History, Philosophy & Theology,Mathematics & Statistics,Politics & International Studies (incl Development Studies),Electrical & Electronic Engineering,Psychology,General Engineering,Physics & Astronomy,Education,Chemistry,Business & Management,Biological Sciences",False,False
200,200,George Washington University,45.6,201,44.6,101,39.9,305,29.3,364,25.1,274,70.0,192,United States,George Washington University,"Sociology,Languages, Literature & Linguistics,Mechanical & Aerospace Engineering,Psychology,Archaeology,Other Health,Physics & Astronomy,Medicine & Dentistry,General Engineering,Art, Performing Arts & Design,Education,Sport Science,Economics & Econometrics,Biological Sciences,Accounting & Finance,Mathematics & Statistics,Business & Management,Law,Communication & Media Studies,Computer Science,Chemistry,History, Philosophy & Theology,Civil Engineering,Politics & International Studies (incl Development Studies),Architecture,Electrical & Electronic Engineering,Geology, Environmental, Earth & Marine Sciences,Geography",False,False
201,201-225,Wake Forest University,-,390,33.3,213,26.0,384,38.2,253,23.5,293,81.3,99,United States,Wake Forest University,"Law,Chemistry,Accounting & Finance,Biological Sciences,History, Philosophy & Theology,Sport Science,Business & Management,General Engineering,Sociology,Economics & Econometrics,Mathematics & Statistics,Languages, Literature & Linguistics,Education,Communication & Media Studies,Other Health,Physics & Astronomy,Medicine & Dentistry,Psychology,Geology, Environmental, Earth & Marine Sciences,Art, Performing Arts & Design,Computer Science,Politics & International Studies (incl Development Studies)",False,False
201,201-225,University of Illinois Chicago,-,327,43.0,115,53.4,215,40.7,216,34.1,179,55.1,309,United States,University of Illinois Chicago,"Civil Engineering,Communication & Media Studies,Business & Management,Art, Performing Arts & Design,Physics & Astronomy,General Engineering,Archaeology,Biological Sciences,Geography,Computer Science,Chemical Engineering,Law,Mathematics & Statistics,Languages, Literature & Linguistics,History, Philosophy & Theology,Medicine & Dentistry,Mechanical & Aerospace Engineering,Politics & International Studies (incl Development Studies),Other Health,Chemistry,Education,Psychology,Economics & Econometrics,Geology, Environmental, Earth & Marine Sciences,Architecture,Accounting & Finance,Sport Science,Sociology,Electrical & Electronic Engineering",False,False
201,201-225,University of Texas at Dallas,-,370,26.0,321,55.4,198,41.6,212,28.2,244,77.8,122,United States,University of Texas at Dallas utd,"Computer Science,Psychology,Chemistry,History, Philosophy & Theology,Economics & Econometrics,Mechanical & Aerospace Engineering,Geography,General Engineering,Business & Management,Biological Sciences,Accounting & Finance,Physics & Astronomy,Geology, Environmental, Earth & Marine Sciences,Languages, Literature & Linguistics,Art, Performing Arts & Design,Mathematics & Statistics,Electrical & Electronic Engineering,Politics & International Studies (incl Development Studies),Other Health,Sociology",False,False
201,201-225,William & Mary,-,396,36.8,177,26.5,380,30.0,359,19.9,337,78.7,117,United States,William & Mary,"Psychology,Computer Science,Sport Science,History, Philosophy & Theology,Mathematics & Statistics,Accounting & Finance,Law,Sociology,Art, Performing Arts & Design,Education,Physics & Astronomy,Geography,Languages, Literature & Linguistics,Chemistry,Politics & International Studies (incl Development Studies),Business & Management,Geology, Environmental, Earth & Marine Sciences,Biological Sciences,Economics & Econometrics",False,False
226,226-250,SUNY University at Albany,-,282,25.7,324,39.6,306,-,388,35.0,173,68.9,198,United States,SUNY University at Albany,"Computer Science,Geography,Mathematics & Statistics,Politics & International Studies (incl Development Studies),Archaeology,Electrical & Electronic Engineering,Other Health,Sociology,Business & Management,Biological Sciences,Economics & Econometrics,Art, Performing Arts & Design,Physics & Astronomy,Education,Communication & Media Studies,History, Philosophy & Theology,Chemistry,Languages, Literature & Linguistics,Geology, Environmental, Earth & Marine Sciences,Psychology,Accounting & Finance",False,False
226,226-250,Rensselaer Polytechnic Institute,-,273,30.9,251,42.8,290,49.9,141,26.2,267,67.8,207,United States,Rensselaer Polytechnic Institute,"History, Philosophy & Theology,Chemical Engineering,Psychology,Art, Performing Arts & Design,Civil Engineering,Communication & Media Studies,Accounting & Finance,General Engineering,Electrical & Electronic Engineering,Architecture,Computer Science,Physics & Astronomy,Medicine & Dentistry,Geology, Environmental, Earth & Marine Sciences,Other Health,Chemistry,Languages, Literature & Linguistics,Mathematics & Statistics,Economics & Econometrics,Biological Sciences,Business & Management,Mechanical & Aerospace Engineering",False,False
251,251-275,University of New Mexico (Main campus),-,347,29.6,269,32.2,354,44.5,181,23.4,295,73.1,166,United States,University of New Mexico (Main campus),"Mechanical & Aerospace Engineering,Biological Sciences,Other Health,Economics & Econometrics,Sociology,Education,Law,Geography,Medicine & Dentistry,Accounting & Finance,Geology, Environmental, Earth & Marine Sciences,Civil Engineering,Chemical Engineering,History, Philosophy & Theology,Electrical & Electronic Engineering,General Engineering,Psychology,Mathematics & Statistics,Sport Science,Art, Performing Arts & Design,Business & Management,Communication & Media Studies,Chemistry,Languages, Literature & Linguistics,Architecture,Computer Science,Politics & International Studies (incl Development Studies),Physics & Astronomy",False,False
251,251-275,University of South Florida (Tampa),-,363,27.7,300,41.0,298,99.8,16,37.9,146,55.1,311,United States,University of South Florida (Tampa),"Politics & International Studies (incl Development Studies),Mechanical & Aerospace Engineering,Education,Archaeology,Medicine & Dentistry,Art, Performing Arts & Design,Business & Management,Chemistry,Communication & Media Studies,Computer Science,Veterinary Science,Accounting & Finance,Physics & Astronomy,Civil Engineering,Psychology,History, Philosophy & Theology,Mathematics & Statistics,Electrical & Electronic Engineering,General Engineering,Languages, Literature & Linguistics,Geology, Environmental, Earth & Marine Sciences,Economics & Econometrics,Sociology,Geography,Agriculture & Forestry,Chemical Engineering,Architecture,Other Health,Biological Sciences,Sport Science",False,False
251,251-275,University of Hawai’i at Mānoa,-,323,35.1,194,59.4,171,38.3,251,30.7,213,51.5,331,United States,University of Hawai’i at Mānoa,"Economics & Econometrics,Mechanical & Aerospace Engineering,Physics & Astronomy,Accounting & Finance,Law,Psychology,Languages, Literature & Linguistics,Agriculture & Forestry,Geology, Environmental, Earth & Marine Sciences,Other Health,Geography,Architecture,Computer Science,Chemistry,Sociology,Medicine & Dentistry,Electrical & Electronic Engineering,Mathematics & Statistics,Archaeology,Civil Engineering,Sport Science,Business & Management,General Engineering,Communication & Media Studies,History, Philosophy & Theology,Chemical Engineering,Biological Sciences,Art, Performing Arts & Design,Education,Veterinary Science,Politics & International Studies (incl Development Studies)",False,False
276,276-300,University of Nebraska-Lincoln,-,346,31.0,249,47.8,258,35.0,281,24.4,287,57.5,289,United States,University of Nebraska-Lincoln,"Art, Performing Arts & Design,Electrical & Electronic Engineering,Veterinary Science,Sociology,Architecture,Education,Sport Science,Politics & International Studies (incl Development Studies),Medicine & Dentistry,Mathematics & Statistics,Mechanical & Aerospace Engineering,Communication & Media Studies,Chemical Engineering,Accounting & Finance,Geology, Environmental, Earth & Marine Sciences,Languages, Literature & Linguistics,Other Health,Psychology,Economics & Econometrics,Civil Engineering,Chemistry,History, Philosophy & Theology,General Engineering,Physics & Astronomy,Archaeology,Law,Biological Sciences,Business & Management,Computer Science,Agriculture & Forestry,Geography",False,False
276,276-300,University of Cincinnati – Uptown,-,308,32.0,230,26.0,383,35.6,275,22.4,311,67.8,208,United States,University of Cincinnati – Uptown,"Electrical & Electronic Engineering,Economics & Econometrics,Education,Geology, Environmental, Earth & Marine Sciences,Biological Sciences,Archaeology,Communication & Media Studies,Computer Science,Agriculture & Forestry,Chemistry,Business & Management,Sociology,Psychology,General Engineering,Other Health,Architecture,Geography,Politics & International Studies (incl Development Studies),Medicine & Dentistry,Mechanical & Aerospace Engineering,Languages, Literature & Linguistics,Accounting & Finance,Chemical Engineering,Physics & Astronomy,Art, Performing Arts & Design,Civil Engineering,History, Philosophy & Theology,Mathematics & Statistics,Law",False,False
276,276-300,University of Georgia,-,320,39.7,145,35.3,337,31.1,346,28.9,236,46.6,363,United States,University of Georgia,"Architecture,Archaeology,Mathematics & Statistics,Accounting & Finance,Mechanical & Aerospace Engineering,Agriculture & Forestry,Civil Engineering,Psychology,Other Health,Communication & Media Studies,Biological Sciences,Sport Science,Economics & Econometrics,Computer Science,Physics & Astronomy,Sociology,Law,Electrical & Electronic Engineering,History, Philosophy & Theology,Medicine & Dentistry,Languages, Literature & Linguistics,Education,Chemistry,Business & Management,General Engineering,Geology, Environmental, Earth & Marine Sciences,Geography,Politics & International Studies (incl Development Studies),Chemical Engineering,Art, Performing Arts & Design,Veterinary Science",False,False
276,276-300,Virginia Polytechnic Institute and State University,-,388,40.1,139,28.9,372,42.6,201,40.0,130,40.7,385,United States,Virginia Polytechnic Institute and State University virginia tech virginia,"Languages, Literature & Linguistics,General Engineering,Mechanical & Aerospace Engineering,Mathematics & Statistics,Education,Sport Science,Communication & Media Studies,Art, Performing Arts & Design,Business & Management,Geology, Environmental, Earth & Marine Sciences,Architecture,Computer Science,Sociology,Archaeology,Geography,Politics & International Studies (incl Development Studies),Chemistry,Veterinary Science,Agriculture & Forestry,Other Health,Physics & Astronomy,History, Philosophy & Theology,Biological Sciences,Medicine & Dentistry,Electrical & Electronic Engineering,Economics & Econometrics,Psychology,Chemical Engineering,Accounting & Finance,Civil Engineering",False,False
276,276-300,"Colorado State University, Fort Collins",-,220,27.6,301,30.4,361,38.8,244,31.3,210,59.9,267,United States,"Colorado State University, Fort Collins","General Engineering,Business & Management,Geography,Geology, Environmental, Earth & Marine Sciences,Computer Science,Other Health,Sociology,Sport Science,Communication & Media Studies,Education,Art, Performing Arts & Design,Chemistry,Mathematics & Statistics,Agriculture & Forestry,Archaeology,Economics & Econometrics,Politics & International Studies (incl Development Studies),Mechanical & Aerospace Engineering,Accounting & Finance,Civil Engineering,Biological Sciences,History, Philosophy & Theology,Veterinary Science,Chemical Engineering,Physics & Astronomy,Languages, Literature & Linguistics,Electrical & Electronic Engineering,Psychology",False,False
276,276-300,University of South Carolina-Columbia,-,362,34.5,202,37.3,320,31.8,334,27.5,257,55.1,310,United States,University of South Carolina-Columbia,"Chemistry,Communication & Media Studies,Mechanical & Aerospace Engineering,Accounting & Finance,History, Philosophy & Theology,Psychology,Law,Languages, Literature & Linguistics,Politics & International Studies (incl Development Studies),Electrical & Electronic Engineering,Art, Performing Arts & Design,Sport Science,Physics & Astronomy,Medicine & Dentistry,Computer Science,Geography,Biological Sciences,Business & Management,Economics & Econometrics,Geology, Environmental, Earth & Marine Sciences,Education,Civil Engineering,Mathematics & Statistics,Other Health,Sociology,General Engineering,Chemical Engineering",False,False
301,301-350,Tulane University,-,293,40.7,132,29.7,365,-,389,20.7,327,53.9,316,United States,Tulane University,"Languages, Literature & Linguistics,Chemistry,Art, Performing Arts & Design,Computer Science,Biological Sciences,Architecture,Education,Business & Management,General Engineering,Geology, Environmental, Earth & Marine Sciences,Chemical Engineering,Mechanical & Aerospace Engineering,Sociology,History, Philosophy & Theology,Sport Science,Accounting & Finance,Agriculture & Forestry,Communication & Media Studies,Other Health,Law,Politics & International Studies (incl Development Studies),Medicine & Dentistry,Physics & Astronomy,Economics & Econometrics,Psychology,Mathematics & Statistics",False,False
301,301-350,University of Kansas,-,330,30.6,254,32.2,353,36.2,268,20.1,336,62.2,251,United States,University of Kansas,"History, Philosophy & Theology,Economics & Econometrics,Communication & Media Studies,Electrical & Electronic Engineering,Chemical Engineering,Mechanical & Aerospace Engineering,Psychology,Other Health,Agriculture & Forestry,Biological Sciences,Sport Science,Education,Geology, Environmental, Earth & Marine Sciences,Physics & Astronomy,Business & Management,Chemistry,General Engineering,Computer Science,Sociology,Civil Engineering,Accounting & Finance,Art, Performing Arts & Design,Law,Geography,Languages, Literature & Linguistics,Medicine & Dentistry,Politics & International Studies (incl Development Studies),Architecture,Mathematics & Statistics",False,False
301,301-350,Illinois Institute of Technology,-,235,40.2,135,59.4,170,-,384,17.3,357,50.3,338,United States,Illinois Institute of Technology,"Art, Performing Arts & Design,Mechanical & Aerospace Engineering,Sociology,Languages, Literature & Linguistics,Chemical Engineering,Physics & Astronomy,Economics & Econometrics,Law,General Engineering,Mathematics & Statistics,Computer Science,Education,Communication & Media Studies,Architecture,Civil Engineering,Accounting & Finance,Chemistry,Electrical & Electronic Engineering,Psychology,Business & Management,Biological Sciences",False,False
301,301-350,University of Houston,-,325,39.3,151,33.1,348,43.2,192,25.8,268,44.2,374,United States,University of Houston,"Chemical Engineering,Psychology,Accounting & Finance,Electrical & Electronic Engineering,Communication & Media Studies,Business & Management,General Engineering,Geology, Environmental, Earth & Marine Sciences,Languages, Literature & Linguistics,Mechanical & Aerospace Engineering,Geography,Architecture,Economics & Econometrics,Sport Science,Civil Engineering,Chemistry,Computer Science,Mathematics & Statistics,History, Philosophy & Theology,Education,Physics & Astronomy,Medicine & Dentistry,Law,Sociology,Art, Performing Arts & Design,Biological Sciences,Politics & International Studies (incl Development Studies),Other Health",False,False
301,301-350,University of Nebraska Medical Center,-,345,36.4,182,34.8,340,34.5,291,16.5,372,51.5,332,United States,University of Nebraska Medical Center,"Psychology,Medicine & Dentistry,Other Health,Education,Biological Sciences",False,False
301,301-350,San Diego State University,-,276,19.7,380,26.9,377,29.2,365,24.8,280,65.6,223,United States,San Diego State University,"Computer Science,Art, Performing Arts & Design,Mathematics & Statistics,Other Health,Civil Engineering,Biological Sciences,Physics & Astronomy,Education,Electrical & Electronic Engineering,Geology, Environmental, Earth & Marine Sciences,Economics & Econometrics,History, Philosophy & Theology,Sociology,Mechanical & Aerospace Engineering,Languages, Literature & Linguistics,Psychology,General Engineering,Communication & Media Studies,Geography,Accounting & Finance,Business & Management,Politics & International Studies (incl Development Studies),Chemistry",False,False
301,301-350,Wayne State University,-,393,32.0,232,30.7,360,-,400,15.2,380,61.0,263,United States,Wayne State University,"Sociology,Civil Engineering,Law,Biological Sciences,Sport Science,Chemistry,Other Health,Geology, Environmental, Earth & Marine Sciences,Economics & Econometrics,History, Philosophy & Theology,Chemical Engineering,Politics & International Studies (incl Development Studies),Computer Science,Art, Performing Arts & Design,Mathematics & Statistics,General Engineering,Medicine & Dentistry,Psychology,Business & Management,Education,Accounting & Finance,Mechanical & Aerospace Engineering,Languages, Literature & Linguistics,Electrical & Electronic Engineering,Physics & Astronomy,Communication & Media Studies",False,False
301,301-350,Creighton University,-,221,40.7,131,29.1,369,32.4,323,10.4,396,63.3,236,United States,Creighton University,"Medicine & Dentistry,Economics & Econometrics,Politics & International Studies (incl Development Studies),Sport Science,Art, Performing Arts & Design,Biological Sciences,Physics & Astronomy,History, Philosophy & Theology,Geology, Environmental, Earth & Marine Sciences,Computer Science,Chemistry,Languages, Literature & Linguistics,Education,Geography,Sociology,Business & Management,Accounting & Finance,Law,Psychology,Mathematics & Statistics,Other Health,Communication & Media Studies",False,False
301,301-350,University of Oklahoma,-,349,32.6,219,30.0,363,34.5,292,15.7,377,57.5,291,United States,University of Oklahoma,"Geography,Languages, Literature & Linguistics,Biological Sciences,Politics & International Studies (incl Development Studies),Education,Communication & Media Studies,Accounting & Finance,Electrical & Electronic Engineering,Sport Science,Medicine & Dentistry,Economics & Econometrics,Law,General Engineering,Architecture,History, Philosophy & Theology,Business & Management,Geology, Environmental, Earth & Marine Sciences,Art, Performing Arts & Design,Mechanical & Aerospace Engineering,Psychology,Civil Engineering,Sociology,Physics & Astronomy,Computer Science,Other Health,Archaeology,Chemical Engineering,Chemistry,Mathematics & Statistics",False,False
301,301-350,University of Connecticut,-,310,37.6,166,38.8,311,31.1,345,27.1,264,45.4,368,United States,University of Connecticut,"Civil Engineering,Sociology,Business & Management,Economics & Econometrics,General Engineering,Physics & Astronomy,Languages, Literature & Linguistics,Mechanical & Aerospace Engineering,Geography,Art, Performing Arts & Design,Education,Biological Sciences,Psychology,History, Philosophy & Theology,Chemistry,Law,Medicine & Dentistry,Geology, Environmental, Earth & Marine Sciences,Electrical & Electronic Engineering,Communication & Media Studies,Accounting & Finance,Architecture,Computer Science,Sport Science,Other Health,Mathematics & Statistics,Agriculture & Forestry,Politics & International Studies (incl Development Studies),Chemical Engineering",False,False
301,301-350,Drexel University,-,225,31.8,235,42.2,292,34.6,289,14.3,382,57.5,287,United States,Drexel University,"Education,Physics & Astronomy,Accounting & Finance,Mechanical & Aerospace Engineering,Computer Science,Biological Sciences,Architecture,General Engineering,Communication & Media Studies,Medicine & Dentistry,Languages, Literature & Linguistics,Art, Performing Arts & Design,Politics & International Studies (incl Development Studies),Chemical Engineering,Electrical & Electronic Engineering,Sport Science,Business & Management,Economics & Econometrics,Law,History, Philosophy & Theology,Psychology,Veterinary Science,Civil Engineering,Geology, Environmental, Earth & Marine Sciences,Sociology,Mathematics & Statistics,Other Health,Chemistry,Agriculture & Forestry",False,False
301,301-350,University of Montana,-,342,29.1,279,20.7,396,34.4,293,13.7,385,75.0,143,United States,University of Montana,"Law,Geology, Environmental, Earth & Marine Sciences,Sociology,Physics & Astronomy,Languages, Literature & Linguistics,Education,Chemistry,Art, Performing Arts & Design,Computer Science,Sport Science,Communication & Media Studies,History, Philosophy & Theology,Other Health,Biological Sciences,Accounting & Finance,Economics & Econometrics,Mathematics & Statistics,Psychology,Business & Management,Geography,Medicine & Dentistry,Agriculture & Forestry,Politics & International Studies (incl Development Studies)",False,False
301,301-350,Oregon State University,-,265,27.8,297,36.7,327,32.0,329,21.1,326,63.3,237,United States,Oregon State University,"History, Philosophy & Theology,Biological Sciences,Accounting & Finance,Other Health,Geography,Mathematics & Statistics,Geology, Environmental, Earth & Marine Sciences,Civil Engineering,Art, Performing Arts & Design,Mechanical & Aerospace Engineering,Politics & International Studies (incl Development Studies),Chemistry,Computer Science,Business & Management,Chemical Engineering,Psychology,Sport Science,Sociology,Agriculture & Forestry,Physics & Astronomy,Communication & Media Studies,Languages, Literature & Linguistics,Education,Veterinary Science,Electrical & Electronic Engineering,Economics & Econometrics",False,False
301,301-350,Kansas State University,-,240,27.0,308,41.5,295,39.2,239,16.5,371,61.0,262,United States,Kansas State University,"Agriculture & Forestry,Economics & Econometrics,Mathematics & Statistics,Chemical Engineering,Sociology,Biological Sciences,Computer Science,History, Philosophy & Theology,Mechanical & Aerospace Engineering,Accounting & Finance,Electrical & Electronic Engineering,Business & Management,Geography,Psychology,Sport Science,Veterinary Science,Chemistry,Languages, Literature & Linguistics,Architecture,General Engineering,Physics & Astronomy,Education,Politics & International Studies (incl Development Studies),Communication & Media Studies,Art, Performing Arts & Design,Civil Engineering,Law,Other Health,Geology, Environmental, Earth & Marine Sciences",False,False
351,351-400,Mizzou - University of Missouri,-,341,31.7,238,29.6,366,31.2,342,22.0,318,46.6,364,United States,Mizzou - University of Missouri,"Mechanical & Aerospace Engineering,Mathematics & Statistics,Other Health,Sociology,Chemical Engineering,Chemistry,Geology, Environmental, Earth & Marine Sciences,Sport Science,Business & Management,Geography,Civil Engineering,Education,Art, Performing Arts & Design,Archaeology,Biological Sciences,Veterinary Science,Medicine & Dentistry,Electrical & Electronic Engineering,Politics & International Studies (incl Development Studies),History, Philosophy & Theology,Economics & Econometrics,Agriculture & Forestry,Psychology,Computer Science,Accounting & Finance,Law,General Engineering,Languages, Literature & Linguistics,Physics & Astronomy,Communication & Media Studies",False,False
351,351-400,George Mason University,-,228,26.3,317,35.8,334,28.7,376,20.3,331,53.9,315,United States,George Mason University,"Psychology,Communication & Media Studies,Civil Engineering,Art, Performing Arts & Design,General Engineering,Education,Law,Sociology,Physics & Astronomy,History, Philosophy & Theology,Business & Management,Biological Sciences,Sport Science,Mechanical & Aerospace Engineering,Accounting & Finance,Geography,Electrical & Electronic Engineering,Chemistry,Other Health,Languages, Literature & Linguistics,Economics & Econometrics,Politics & International Studies (incl Development Studies),Mathematics & Statistics,Geology, Environmental, Earth & Marine Sciences,Computer Science",False,False
351,351-400,Lehigh University,-,247,25.4,329,34.5,341,39.2,240,16.6,370,56.3,299,United States,Lehigh University,"Art, Performing Arts & Design,Accounting & Finance,Economics & Econometrics,Civil Engineering,Agriculture & Forestry,Politics & International Studies (incl Development Studies),Chemistry,Education,Psychology,Languages, Literature & Linguistics,Communication & Media Studies,Biological Sciences,Geology, Environmental, Earth & Marine Sciences,Electrical & Electronic Engineering,Sociology,Physics & Astronomy,Chemical Engineering,Mechanical & Aerospace Engineering,Architecture,History, Philosophy & Theology,Other Health,General Engineering,Computer Science,Business & Management,Mathematics & Statistics",False,False
351,351-400,University of Vermont,-,380,26.8,311,21.0,394,-,398,19.4,340,57.5,292,United States,University of Vermont UV Vermont USA,"Art, Performing Arts & Design,Electrical & Electronic Engineering,Psychology,Economics & Econometrics,Biological Sciences,Sociology,Education,Geography,Other Health,Veterinary Science,Civil Engineering,Communication & Media Studies,Agriculture & Forestry,Mathematics & Statistics,Business & Management,Sport Science,Politics & International Studies (incl Development Studies),Languages, Literature & Linguistics,General Engineering,Chemistry,Mechanical & Aerospace Engineering,Geology, Environmental, Earth & Marine Sciences,History, Philosophy & Theology,Computer Science,Physics & Astronomy",False,False
351,351-400,Washington State University,-,392,28.5,289,36.0,332,54.5,120,27.5,258,44.2,375,United States,Washington State University,"Medicine & Dentistry,Geography,Agriculture & Forestry,Accounting & Finance,Chemistry,Civil Engineering,Architecture,Electrical & Electronic Engineering,Physics & Astronomy,Languages, Literature & Linguistics,Psychology,Computer Science,Business & Management,Geology, Environmental, Earth & Marine Sciences,Chemical Engineering,General Engineering,History, Philosophy & Theology,Sport Science,Mechanical & Aerospace Engineering,Mathematics & Statistics,Archaeology,Sociology,Art, Performing Arts & Design,Education,Veterinary Science,Biological Sciences,Economics & Econometrics,Politics & International Studies (incl Development Studies),Communication & Media Studies,Other Health",False,False
